graph_name,graph_order,graph_size,density,fitness_value,elapsed_time(seconds)
cubic_850.txt,850,1275,0.00235571,542,25.8757
cubic_850.txt,850,1275,0.00235571,534,32.4394
cubic_850.txt,850,1275,0.00235571,550,32.6978
cubic_850.txt,850,1275,0.00235571,532,31.8404
cubic_850.txt,850,1275,0.00235571,536,32.4496
cubic_850.txt,850,1275,0.00235571,538,32.158
cubic_850.txt,850,1275,0.00235571,540,32.452
cubic_850.txt,850,1275,0.00235571,556,31.9503
cubic_850.txt,850,1275,0.00235571,548,32.3153
cubic_850.txt,850,1275,0.00235571,536,28.2304
cubic_850.txt,850,1275,0.00235571,526,32.2612
cubic_850.txt,850,1275,0.00235571,550,32.1585
cubic_850.txt,850,1275,0.00235571,532,31.9414
cubic_850.txt,850,1275,0.00235571,540,32.2386
cubic_850.txt,850,1275,0.00235571,528,32.047
cubic_850.txt,850,1275,0.00235571,536,32.1249
cubic_850.txt,850,1275,0.00235571,551,32.0481
cubic_850.txt,850,1275,0.00235571,542,32.0065
cubic_850.txt,850,1275,0.00235571,540,26.8253
cubic_850.txt,850,1275,0.00235571,558,31.6648
cubic_850.txt,850,1275,0.00235571,538,32.6545
cubic_850.txt,850,1275,0.00235571,546,32.6546
cubic_850.txt,850,1275,0.00235571,546,27.5733
cubic_850.txt,850,1275,0.00235571,536,30.9399
cubic_850.txt,850,1275,0.00235571,550,32.2551
cubic_850.txt,850,1275,0.00235571,536,32.0272
cubic_850.txt,850,1275,0.00235571,526,32.1679
cubic_850.txt,850,1275,0.00235571,544,31.7867
cubic_850.txt,850,1275,0.00235571,544,31.957
cubic_850.txt,850,1275,0.00235571,532,32.4044
